
{
  "id": "colorblind-assist",
  "title": "Colorblind Assist",
  "description": "Adds optional colorblind filters, high-contrast token outlines, and an accessible black-and-white ping overlay for Foundry VTT.",
  "version": "1.0.0",
  "compatibility": {
    "minimum": "11",
    "verified": "13",
    "maximum": "13"
  },
  "authors": [
    {
      "name": "Right As Game Inc.",
      "url": "https://rightasgame.com",
      "email": "support@rightasgame.com",
      "discord": ""
    }
  ],
  "scripts": ["scripts/main.js"],
  "styles": ["styles/colorblind-assist.css"],
  "esmodules": [],
  "languages": [],
  "packs": [],
  "relationships": {},
  "license": "MIT-Attribution (Right As Game Inc.)",
  "readme": "README.md",
  "changelog": "CHANGELOG.md",
  "bugs": "https://github.com/rightasgame/colorblind-assist/issues",
  "manifest": "https://rightasgame.com/foundry/colorblind-assist/module.json",
  "download": "https://rightasgame.com/foundry/colorblind-assist/releases/colorblind-assist-v1.0.0.zip"
}
